{
  "compute_tier": "T4",
  "base_model": "unsloth/Qwen2.5-3B-bnb-4bit",
  "beta": 0.5,
  "lr": 5e-07,
  "epochs": 1,
  "final_train_loss": 0.6783333282470703,
  "end_chosen_reward": 0.05586376264691353,
  "end_rejected_reward": -0.06879836767911911,
  "end_reward_gap": 0.12466213032603263
}